world,learning,transfer,learnRate,students,power,adaptiveWins,fixedWins,d
elo,flat,0,0.02,40,0.04,0.01,0.03,-0.0073543
elo,flat,0,0.02,80,0.05,0.02,0.03,0.0126266
elo,flat,0,0.02,160,0.08,0.05,0.03,0.0222232
elo,flat,0,0.1,40,0.13,0.01,0.12,-0.186509
elo,flat,0,0.1,80,0.23,0,0.23,-0.183045
elo,flat,0,0.1,160,0.39,0,0.39,-0.189881
elo,flat,0.3,0.02,40,0.05,0.02,0.03,0.0115621
elo,flat,0.3,0.02,80,0.05,0.05,0,0.0277217
elo,flat,0.3,0.02,160,0.05,0.03,0.02,0.0327273
elo,flat,0.3,0.1,40,0.06,0.02,0.04,-0.0867798
elo,flat,0.3,0.1,80,0.14,0.05,0.09,-0.0806978
elo,flat,0.3,0.1,160,0.17,0.03,0.14,-0.0682209
elo,zpd,0,0.02,40,0.05,0.01,0.04,-0.00760199
elo,zpd,0,0.02,80,0.03,0.03,0,0.0124604
elo,zpd,0,0.02,160,0.1,0.05,0.05,0.026559
elo,zpd,0,0.1,40,0.06,0,0.06,-0.152528
elo,zpd,0,0.1,80,0.2,0,0.2,-0.133408
elo,zpd,0,0.1,160,0.28,0,0.28,-0.137206
elo,zpd,0.3,0.02,40,0.04,0.02,0.02,0.00483699
elo,zpd,0.3,0.02,80,0.03,0.03,0,0.030456
elo,zpd,0.3,0.02,160,0.09,0.07,0.02,0.0379965
elo,zpd,0.3,0.1,40,0.07,0.02,0.05,-0.0734738
elo,zpd,0.3,0.1,80,0.13,0.02,0.11,-0.0533705
elo,zpd,0.3,0.1,160,0.11,0.02,0.09,-0.0417153
irt2pl,flat,0,0.02,40,0.03,0.02,0.01,0.00622271
irt2pl,flat,0,0.02,80,0.08,0.04,0.04,0.0147352
irt2pl,flat,0,0.02,160,0.11,0.07,0.04,0.0320193
irt2pl,flat,0,0.1,40,0.11,0.01,0.1,-0.1705
irt2pl,flat,0,0.1,80,0.22,0,0.22,-0.179703
irt2pl,flat,0,0.1,160,0.33,0,0.33,-0.167713
irt2pl,flat,0.3,0.02,40,0.03,0.02,0.01,0.0148376
irt2pl,flat,0.3,0.02,80,0.09,0.06,0.03,0.0229317
irt2pl,flat,0.3,0.02,160,0.08,0.06,0.02,0.0410297
irt2pl,flat,0.3,0.1,40,0.07,0.03,0.04,-0.047967
irt2pl,flat,0.3,0.1,80,0.18,0.06,0.12,-0.0687534
irt2pl,flat,0.3,0.1,160,0.18,0.05,0.13,-0.0536051
irt2pl,zpd,0,0.02,40,0.03,0.03,0,0.00779641
irt2pl,zpd,0,0.02,80,0.05,0.02,0.03,0.0244164
irt2pl,zpd,0,0.02,160,0.11,0.08,0.03,0.0456449
irt2pl,zpd,0,0.1,40,0.18,0.01,0.17,-0.147865
irt2pl,zpd,0,0.1,80,0.18,0.02,0.16,-0.112924
irt2pl,zpd,0,0.1,160,0.23,0,0.23,-0.0969083
irt2pl,zpd,0.3,0.02,40,0.04,0.03,0.01,0.0211474
irt2pl,zpd,0.3,0.02,80,0.08,0.06,0.02,0.0329884
irt2pl,zpd,0.3,0.02,160,0.14,0.11,0.03,0.0513894
irt2pl,zpd,0.3,0.1,40,0.04,0.01,0.03,-0.0446172
irt2pl,zpd,0.3,0.1,80,0.14,0.04,0.1,-0.0492095
irt2pl,zpd,0.3,0.1,160,0.16,0.05,0.11,-0.0187032
bkt,flat,0,0.02,40,0.19,0,0.19,-0.342655
bkt,flat,0,0.02,80,0.25,0,0.25,-0.26722
bkt,flat,0,0.02,160,0.41,0,0.41,-0.249958
bkt,flat,0,0.1,40,0.04,0,0.04,-0.100918
bkt,flat,0,0.1,80,0.01,0.01,0,-0.0603146
bkt,flat,0,0.1,160,0.03,0,0.03,-0.0464066
bkt,flat,0.3,0.02,40,0.09,0.02,0.07,-0.161934
bkt,flat,0.3,0.02,80,0.08,0.01,0.07,-0.14124
bkt,flat,0.3,0.02,160,0.07,0,0.07,-0.0923244
bkt,flat,0.3,0.1,40,0.04,0,0.04,-0.024228
bkt,flat,0.3,0.1,80,0.01,0.01,0,0.00788054
bkt,flat,0.3,0.1,160,0.03,0.01,0.02,-0.00765154
bkt,zpd,0,0.02,40,0.08,0.01,0.07,-0.0334874
bkt,zpd,0,0.02,80,0.04,0.02,0.02,-0.0123082
bkt,zpd,0,0.02,160,0.03,0.01,0.02,-0.00590425
bkt,zpd,0,0.1,40,0.08,0,0.08,-0.108863
bkt,zpd,0,0.1,80,0.05,0.02,0.03,-0.0701944
bkt,zpd,0,0.1,160,0.02,0,0.02,-0.0679745
bkt,zpd,0.3,0.02,40,0.04,0.03,0.01,0.0536605
bkt,zpd,0.3,0.02,80,0.08,0.06,0.02,0.102538
bkt,zpd,0.3,0.02,160,0.09,0.08,0.01,0.0913518
bkt,zpd,0.3,0.1,40,0.04,0.01,0.03,-0.0387366
bkt,zpd,0.3,0.1,80,0.02,0.01,0.01,-0.00422305
bkt,zpd,0.3,0.1,160,0.02,0,0.02,-0.0218889
