world,learning,transfer,learnRate,students,power,adaptiveWins,fixedWins,d,t
elo,flat,0,0.02,40,0.02,0.01,0.01,0.00438478,0.0419849
elo,flat,0,0.02,80,0.05,0.03,0.02,0.0229386,0.179748
elo,flat,0,0.02,160,0.09,0.06,0.03,0.0316795,0.368075
elo,flat,0,0.02,320,0.08,0.07,0.01,0.0263891,0.43621
elo,flat,0,0.1,40,0.07,0.03,0.04,-0.0906333,-0.405939
elo,flat,0,0.1,80,0.17,0.03,0.14,-0.0870515,-0.571088
elo,flat,0,0.1,160,0.14,0.01,0.13,-0.077558,-0.711424
elo,flat,0,0.1,320,0.26,0.02,0.24,-0.0907916,-1.18122
elo,flat,0.3,0.02,40,0.03,0.02,0.01,0.00656463,0.0517684
elo,flat,0.3,0.02,80,0.05,0.05,0,0.0345017,0.277766
elo,flat,0.3,0.02,160,0.08,0.06,0.02,0.0418507,0.479024
elo,flat,0.3,0.02,320,0.1,0.1,0,0.0355134,0.578078
elo,flat,0.3,0.1,40,0.06,0.04,0.02,-0.0173985,-0.067384
elo,flat,0.3,0.1,80,0.12,0.06,0.06,0.00650473,0.0280765
elo,flat,0.3,0.1,160,0.11,0.07,0.04,0.016817,0.127171
elo,flat,0.3,0.1,320,0.14,0.08,0.06,-0.00847217,-0.107835
elo,zpd,0,0.02,40,0.06,0.06,0,0.0604603,0.377188
elo,zpd,0,0.02,80,0.1,0.1,0,0.0829554,0.686776
elo,zpd,0,0.02,160,0.2,0.19,0.01,0.0956904,1.11792
elo,zpd,0,0.02,320,0.35,0.35,0,0.0904372,1.4967
elo,zpd,0,0.1,40,0.11,0.11,0,0.170867,0.791272
elo,zpd,0,0.1,80,0.29,0.29,0,0.194605,1.22933
elo,zpd,0,0.1,160,0.42,0.41,0.01,0.191678,1.7149
elo,zpd,0,0.1,320,0.62,0.62,0,0.189488,2.40658
elo,zpd,0.3,0.02,40,0.09,0.09,0,0.0877364,0.526586
elo,zpd,0.3,0.02,80,0.19,0.19,0,0.113094,0.921657
elo,zpd,0.3,0.02,160,0.33,0.33,0,0.123346,1.42
elo,zpd,0.3,0.02,320,0.44,0.44,0,0.118577,1.93858
elo,zpd,0.3,0.1,40,0.2,0.2,0,0.293819,1.22924
elo,zpd,0.3,0.1,80,0.46,0.46,0,0.315512,1.84585
elo,zpd,0.3,0.1,160,0.76,0.76,0,0.319873,2.62911
elo,zpd,0.3,0.1,320,0.91,0.91,0,0.319164,3.71681
irt2pl,flat,0,0.02,40,0.02,0.02,0,0.0135401,0.106679
irt2pl,flat,0,0.02,80,0.06,0.03,0.03,0.0211607,0.162059
irt2pl,flat,0,0.02,160,0.11,0.07,0.04,0.0388309,0.446675
irt2pl,flat,0,0.02,320,0.1,0.07,0.03,0.0208361,0.372783
irt2pl,flat,0,0.1,40,0.05,0.01,0.04,-0.0905763,-0.399546
irt2pl,flat,0,0.1,80,0.11,0.04,0.07,-0.0813992,-0.53008
irt2pl,flat,0,0.1,160,0.18,0.03,0.15,-0.0584802,-0.523717
irt2pl,flat,0,0.1,320,0.3,0.03,0.27,-0.0885134,-1.11663
irt2pl,flat,0.3,0.02,40,0.04,0.03,0.01,0.0231157,0.153933
irt2pl,flat,0.3,0.02,80,0.06,0.04,0.02,0.0335024,0.268742
irt2pl,flat,0.3,0.02,160,0.11,0.09,0.02,0.0462479,0.535861
irt2pl,flat,0.3,0.02,320,0.16,0.14,0.02,0.0309135,0.53312
irt2pl,flat,0.3,0.1,40,0.07,0.05,0.02,0.0136931,0.0546286
irt2pl,flat,0.3,0.1,80,0.17,0.12,0.05,0.0243835,0.127307
irt2pl,flat,0.3,0.1,160,0.14,0.11,0.03,0.0414682,0.34223
irt2pl,flat,0.3,0.1,320,0.18,0.11,0.07,0.0211972,0.242129
irt2pl,zpd,0,0.02,40,0.08,0.08,0,0.0773629,0.48328
irt2pl,zpd,0,0.02,80,0.12,0.12,0,0.0903421,0.749242
irt2pl,zpd,0,0.02,160,0.32,0.31,0.01,0.113017,1.3469
irt2pl,zpd,0,0.02,320,0.38,0.37,0.01,0.0944679,1.62546
irt2pl,zpd,0,0.1,40,0.14,0.14,0,0.157254,0.74738
irt2pl,zpd,0,0.1,80,0.22,0.22,0,0.183082,1.16709
irt2pl,zpd,0,0.1,160,0.49,0.48,0.01,0.199372,1.81358
irt2pl,zpd,0,0.1,320,0.63,0.63,0,0.193142,2.48765
irt2pl,zpd,0.3,0.02,40,0.09,0.09,0,0.104103,0.634854
irt2pl,zpd,0.3,0.02,80,0.19,0.19,0,0.121692,1.01254
irt2pl,zpd,0.3,0.02,160,0.43,0.43,0,0.134142,1.57853
irt2pl,zpd,0.3,0.02,320,0.5,0.5,0,0.121041,2.04764
irt2pl,zpd,0.3,0.1,40,0.2,0.2,0,0.282864,1.20434
irt2pl,zpd,0.3,0.1,80,0.42,0.42,0,0.309954,1.81277
irt2pl,zpd,0.3,0.1,160,0.71,0.71,0,0.3223,2.68
irt2pl,zpd,0.3,0.1,320,0.89,0.89,0,0.31828,3.72097
bkt,flat,0,0.02,40,0.04,0.04,0,0.0177801,0.0573382
bkt,flat,0,0.02,80,0.08,0.06,0.02,0.0475618,0.226601
bkt,flat,0,0.02,160,0.06,0.05,0.01,0.0627607,0.424276
bkt,flat,0,0.02,320,0.12,0.12,0,0.0600482,0.575497
bkt,flat,0,0.1,40,0.04,0.01,0.03,-0.0209227,-0.0655854
bkt,flat,0,0.1,80,0.02,0.01,0.01,0.00970064,0.0440214
bkt,flat,0,0.1,160,0.02,0.01,0.01,0.00267897,0.0170587
bkt,flat,0,0.1,320,0.04,0.02,0.02,0.00317042,0.0283655
bkt,flat,0.3,0.02,40,0.06,0.05,0.01,0.152233,0.487877
bkt,flat,0.3,0.02,80,0.16,0.14,0.02,0.192184,0.877425
bkt,flat,0.3,0.02,160,0.17,0.17,0,0.144799,0.945312
bkt,flat,0.3,0.02,320,0.24,0.24,0,0.152706,1.4143
bkt,flat,0.3,0.1,40,0.03,0,0.03,-0.0208719,-0.0660558
bkt,flat,0.3,0.1,80,0.01,0.01,0,0.0120487,0.054765
bkt,flat,0.3,0.1,160,0.02,0.01,0.01,0.00557107,0.0352576
bkt,flat,0.3,0.1,320,0.03,0.02,0.01,0.00506752,0.0453363
bkt,zpd,0,0.02,40,0.12,0.12,0,0.233149,0.846536
bkt,zpd,0,0.02,80,0.26,0.26,0,0.279081,1.43049
bkt,zpd,0,0.02,160,0.48,0.48,0,0.273576,1.97102
bkt,zpd,0,0.02,320,0.84,0.84,0,0.276335,2.83426
bkt,zpd,0,0.1,40,0.02,0,0.02,0.00678252,0.0199882
bkt,zpd,0,0.1,80,0.03,0.03,0,0.0307887,0.138449
bkt,zpd,0,0.1,160,0.03,0.02,0.01,0.0271979,0.171565
bkt,zpd,0,0.1,320,0.03,0.02,0.01,0.0269797,0.241206
bkt,zpd,0.3,0.02,40,0.21,0.21,0,0.361045,1.23706
bkt,zpd,0.3,0.02,80,0.45,0.45,0,0.374929,1.83673
bkt,zpd,0.3,0.02,160,0.71,0.71,0,0.376781,2.59987
bkt,zpd,0.3,0.02,320,0.96,0.96,0,0.381853,3.73792
bkt,zpd,0.3,0.1,40,0.03,0,0.03,-0.00545097,-0.0170815
bkt,zpd,0.3,0.1,80,0.02,0.02,0,0.0265136,0.119097
bkt,zpd,0.3,0.1,160,0.03,0.02,0.01,0.0206634,0.130598
bkt,zpd,0.3,0.1,320,0.05,0.04,0.01,0.0219476,0.196119
