world,learning,transfer,learnRate,compare,d,dLow,dHigh,dTest,ahead,gainA,gainB,offA,offB
elo,flat,0,0.02,adaptive vs fixed,0.125922,-0.0547088,0.306554,0.0375441,0.6,0.0174895,0.0171007,0.132088,0.290616
elo,flat,0,0.02,adaptive vs random,0.112901,-0.0382132,0.264016,0.0548166,0.8,0.0175147,0.0171952,0.129882,0.298171
elo,flat,0,0.02,adaptive 0.6 vs fixed,0.298407,0.116923,0.479892,0.0451314,1,0.0179577,0.0171007,0.140851,0.290616
elo,flat,0,0.02,adaptive 0.85 vs fixed,-0.0756924,-0.246388,0.095003,0.0239525,0.4,0.0168988,0.0171007,0.130922,0.290616
elo,flat,0,0.1,adaptive vs fixed,-0.161707,-0.369104,0.0456904,0.0416471,0.3,0.0822018,0.084181,0.121133,0.263937
elo,flat,0,0.1,adaptive vs random,-0.17188,-0.323562,-0.0201972,0.0438282,0.2,0.0823273,0.0846332,0.120943,0.277249
elo,flat,0,0.1,adaptive 0.6 vs fixed,0.223412,0.0681566,0.378668,0.111814,0.9,0.087488,0.084181,0.144458,0.263937
elo,flat,0,0.1,adaptive 0.85 vs fixed,-0.634663,-0.908699,-0.360628,0.00429498,0.1,0.0748146,0.084181,0.103117,0.263937
elo,flat,0.3,0.02,adaptive vs fixed,0.64147,0.380742,0.902198,0.0664281,0.9,0.0252179,0.0222487,0.130545,0.287436
elo,flat,0.3,0.02,adaptive vs random,0.755186,0.485204,1.02517,0.0667257,1,0.0248843,0.0215142,0.129627,0.295542
elo,flat,0.3,0.02,adaptive 0.6 vs fixed,0.745479,0.475573,1.01538,0.0686046,1,0.0254715,0.0222487,0.140506,0.287436
elo,flat,0.3,0.02,adaptive 0.85 vs fixed,0.549997,0.256271,0.843723,0.0636141,0.9,0.0249275,0.0222487,0.130144,0.287436
elo,flat,0.3,0.1,adaptive vs fixed,0.263667,0.01208,0.515254,0.064607,0.9,0.114561,0.108887,0.119282,0.249336
elo,flat,0.3,0.1,adaptive vs random,0.31862,0.0804648,0.556776,0.0740983,0.9,0.11242,0.105609,0.118806,0.271296
elo,flat,0.3,0.1,adaptive 0.6 vs fixed,0.376755,0.12417,0.629339,0.159247,0.9,0.117245,0.108887,0.145344,0.249336
elo,flat,0.3,0.1,adaptive 0.85 vs fixed,0.00829032,-0.289049,0.305629,0.0394269,0.6,0.108795,0.108887,0.10227,0.249336
elo,flat,0.6,0.02,adaptive vs fixed,0.784991,0.414103,1.15588,0.0754308,0.9,0.0328442,0.0273916,0.130515,0.284314
elo,flat,0.6,0.02,adaptive vs random,0.951165,0.613732,1.2886,0.081563,1,0.0321505,0.0258889,0.127383,0.294085
elo,flat,0.6,0.02,adaptive 0.6 vs fixed,0.814294,0.514132,1.11446,0.0851371,1,0.0326313,0.0273916,0.139987,0.284314
elo,flat,0.6,0.02,adaptive 0.85 vs fixed,0.768374,0.362376,1.17437,0.069064,0.9,0.0330871,0.0273916,0.129084,0.284314
elo,flat,0.6,0.1,adaptive vs fixed,0.236555,-0.0528439,0.525954,0.0918086,0.9,0.139948,0.133033,0.120306,0.236196
elo,flat,0.6,0.1,adaptive vs random,0.483039,0.193247,0.772832,0.131295,0.9,0.141295,0.12585,0.118123,0.26572
elo,flat,0.6,0.1,adaptive 0.6 vs fixed,0.441102,0.17997,0.702233,0.160449,0.9,0.147121,0.133033,0.145549,0.236196
elo,flat,0.6,0.1,adaptive 0.85 vs fixed,0.225153,-0.158439,0.608745,0.0947833,0.7,0.140699,0.133033,0.102118,0.236196
elo,zpd,0,0.02,adaptive vs fixed,0.0217732,-0.169019,0.212565,0.024516,0.5,0.0127826,0.0126688,0.129525,0.291833
elo,zpd,0,0.02,adaptive vs random,0.0544079,-0.104817,0.213633,0.0379794,0.6,0.0128278,0.0126115,0.128836,0.300352
elo,zpd,0,0.02,adaptive 0.6 vs fixed,0.884918,0.69994,1.0699,0.058493,1,0.0154736,0.0126688,0.139741,0.291833
elo,zpd,0,0.02,adaptive 0.85 vs fixed,-0.493274,-0.713326,-0.273222,0.0230182,0,0.0106478,0.0126688,0.131689,0.291833
elo,zpd,0,0.1,adaptive vs fixed,-0.355095,-0.578656,-0.131533,0.0164398,0.1,0.0588088,0.0644565,0.11307,0.268797
elo,zpd,0,0.1,adaptive vs random,-0.23337,-0.40554,-0.0611999,0.00260806,0.1,0.0589584,0.062615,0.112225,0.28188
elo,zpd,0,0.1,adaptive 0.6 vs fixed,0.597971,0.414473,0.781469,0.1352,1,0.0741833,0.0644565,0.141194,0.268797
elo,zpd,0,0.1,adaptive 0.85 vs fixed,-1.0442,-1.32598,-0.762415,-0.0739273,0,0.0454722,0.0644565,0.0951352,0.268797
elo,zpd,0.3,0.02,adaptive vs fixed,0.392987,0.204526,0.581448,0.050499,1,0.0185985,0.0163216,0.129367,0.289521
elo,zpd,0.3,0.02,adaptive vs random,0.476458,0.285903,0.667013,0.056817,1,0.0183753,0.0156943,0.129219,0.298141
elo,zpd,0.3,0.02,adaptive 0.6 vs fixed,1.12024,0.897363,1.34312,0.0767028,1,0.0217643,0.0163216,0.140934,0.289521
elo,zpd,0.3,0.02,adaptive 0.85 vs fixed,-0.0679407,-0.253423,0.117542,0.0368284,0.4,0.0159075,0.0163216,0.130022,0.289521
elo,zpd,0.3,0.1,adaptive vs fixed,-0.044324,-0.245737,0.157089,0.0334116,0.4,0.0815651,0.0825667,0.110811,0.257515
elo,zpd,0.3,0.1,adaptive vs random,0.177967,0.0246182,0.331315,0.0727915,0.8,0.0814105,0.0769968,0.112354,0.278756
elo,zpd,0.3,0.1,adaptive 0.6 vs fixed,0.767808,0.607494,0.928122,0.149072,1,0.100643,0.0825667,0.140799,0.257515
elo,zpd,0.3,0.1,adaptive 0.85 vs fixed,-0.642226,-0.839794,-0.444658,-0.0714407,0,0.0653363,0.0825667,0.0942854,0.257515
elo,zpd,0.6,0.02,adaptive vs fixed,0.516314,0.313246,0.719382,0.0662095,1,0.0242698,0.019972,0.129227,0.287238
elo,zpd,0.6,0.02,adaptive vs random,0.66925,0.461745,0.876756,0.0753211,1,0.0239536,0.0186332,0.128417,0.296732
elo,zpd,0.6,0.02,adaptive 0.6 vs fixed,1.18448,0.946876,1.42209,0.0976954,1,0.0281376,0.019972,0.140828,0.287238
elo,zpd,0.6,0.02,adaptive 0.85 vs fixed,0.128719,-0.0658546,0.323293,0.0470531,0.7,0.021235,0.019972,0.129848,0.287238
elo,zpd,0.6,0.1,adaptive vs fixed,0.115534,-0.0936476,0.324716,0.0544219,0.7,0.104324,0.100286,0.1114,0.247018
elo,zpd,0.6,0.1,adaptive vs random,0.315403,0.13271,0.498096,0.116067,0.9,0.102075,0.0916628,0.11061,0.273482
elo,zpd,0.6,0.1,adaptive 0.6 vs fixed,0.780024,0.582599,0.97745,0.239814,1,0.12518,0.100286,0.139508,0.247018
elo,zpd,0.6,0.1,adaptive 0.85 vs fixed,-0.4818,-0.667323,-0.296277,-0.0794513,0,0.0833231,0.100286,0.0918752,0.247018
irt2pl,flat,0,0.02,adaptive vs fixed,0.21364,-0.022474,0.449754,-0.00118367,0.8,0.0174568,0.0166665,0.141043,0.293868
irt2pl,flat,0,0.02,adaptive vs random,0.0998395,-0.145788,0.345467,0.00586134,0.5,0.0172967,0.0168548,0.138487,0.299349
irt2pl,flat,0,0.02,adaptive 0.6 vs fixed,0.171592,-0.0614222,0.404606,-0.0055014,0.6,0.0172358,0.0166665,0.139078,0.293868
irt2pl,flat,0,0.02,adaptive 0.85 vs fixed,0.0627194,-0.210583,0.336022,0.00517935,0.6,0.0170727,0.0166665,0.149334,0.293868
irt2pl,flat,0,0.1,adaptive vs fixed,0.0479299,-0.175948,0.271808,0.00139775,0.7,0.0828103,0.0818651,0.129885,0.267926
irt2pl,flat,0,0.1,adaptive vs random,-0.0977712,-0.32955,0.134008,-0.0214789,0.4,0.0818665,0.0831688,0.12772,0.28035
irt2pl,flat,0,0.1,adaptive 0.6 vs fixed,0.184582,0.0128983,0.356267,0.0228886,0.8,0.0848169,0.0818651,0.145029,0.267926
irt2pl,flat,0,0.1,adaptive 0.85 vs fixed,-0.20262,-0.497157,0.0919168,-0.0432343,0.3,0.0787921,0.0818651,0.118827,0.267926
irt2pl,flat,0.3,0.02,adaptive vs fixed,0.717117,0.393904,1.04033,0.0117842,1,0.0254286,0.0218266,0.141207,0.290706
irt2pl,flat,0.3,0.02,adaptive vs random,0.782113,0.535584,1.02864,0.0300351,1,0.0251422,0.0212186,0.139494,0.299006
irt2pl,flat,0.3,0.02,adaptive 0.6 vs fixed,0.629152,0.377381,0.880923,0.0172535,1,0.0247175,0.0218266,0.138326,0.290706
irt2pl,flat,0.3,0.02,adaptive 0.85 vs fixed,0.64822,0.260861,1.03558,0.00938575,0.8,0.0253757,0.0218266,0.146468,0.290706
irt2pl,flat,0.3,0.1,adaptive vs fixed,0.372677,0.0524261,0.692928,0.0676543,0.8,0.115265,0.106448,0.126934,0.253586
irt2pl,flat,0.3,0.1,adaptive vs random,0.467563,0.179986,0.75514,0.0677458,0.8,0.115239,0.10391,0.124534,0.274727
irt2pl,flat,0.3,0.1,adaptive 0.6 vs fixed,0.42377,0.208937,0.638603,0.0610214,1,0.116162,0.106448,0.14359,0.253586
irt2pl,flat,0.3,0.1,adaptive 0.85 vs fixed,0.326883,-0.0332132,0.686978,0.0149504,0.8,0.114592,0.106448,0.116815,0.253586
irt2pl,flat,0.6,0.02,adaptive vs fixed,0.858767,0.504975,1.21256,0.0398925,1,0.0333612,0.0269794,0.140692,0.287596
irt2pl,flat,0.6,0.02,adaptive vs random,1.00183,0.703109,1.30056,0.0501263,1,0.0331594,0.0257478,0.139755,0.297196
irt2pl,flat,0.6,0.02,adaptive 0.6 vs fixed,0.881569,0.605273,1.15787,0.0432266,1,0.0329782,0.0269794,0.14037,0.287596
irt2pl,flat,0.6,0.02,adaptive 0.85 vs fixed,0.837528,0.384155,1.2909,0.0430979,0.9,0.0335157,0.0269794,0.147344,0.287596
irt2pl,flat,0.6,0.1,adaptive vs fixed,0.467731,0.122419,0.813043,0.093824,0.9,0.146173,0.130401,0.127444,0.240725
irt2pl,flat,0.6,0.1,adaptive vs random,0.561828,0.280351,0.843304,0.147552,0.9,0.143319,0.123824,0.123658,0.26942
irt2pl,flat,0.6,0.1,adaptive 0.6 vs fixed,0.519286,0.2685,0.770072,0.117682,1,0.147417,0.130401,0.141813,0.240725
irt2pl,flat,0.6,0.1,adaptive 0.85 vs fixed,0.426505,0.0415796,0.81143,0.0623432,0.7,0.145273,0.130401,0.114594,0.240725
irt2pl,zpd,0,0.02,adaptive vs fixed,0.140782,0.0100791,0.271485,-0.00724279,0.9,0.0123582,0.0118719,0.140777,0.29519
irt2pl,zpd,0,0.02,adaptive vs random,0.0479892,-0.112067,0.208045,0.0111934,0.6,0.0121965,0.0119929,0.137638,0.300926
irt2pl,zpd,0,0.02,adaptive 0.6 vs fixed,0.899045,0.71453,1.08356,0.00550293,1,0.0145658,0.0118719,0.140777,0.29519
irt2pl,zpd,0,0.02,adaptive 0.85 vs fixed,-0.434144,-0.638957,-0.229331,-0.0162305,0,0.0102487,0.0118719,0.149098,0.29519
irt2pl,zpd,0,0.1,adaptive vs fixed,-0.160164,-0.343624,0.0232966,-0.0405968,0.2,0.0582373,0.0607051,0.123578,0.273358
irt2pl,zpd,0,0.1,adaptive vs random,-0.118068,-0.26674,0.030604,-0.0341004,0.3,0.0572927,0.0590091,0.120087,0.287406
irt2pl,zpd,0,0.1,adaptive 0.6 vs fixed,0.655163,0.517313,0.793013,0.0267905,1,0.0710156,0.0607051,0.141149,0.273358
irt2pl,zpd,0,0.1,adaptive 0.85 vs fixed,-0.898859,-1.16392,-0.633801,-0.132633,0,0.0452339,0.0607051,0.113728,0.273358
irt2pl,zpd,0.3,0.02,adaptive vs fixed,0.523684,0.296012,0.751356,0.0123987,1,0.0184842,0.0155648,0.139144,0.29288
irt2pl,zpd,0.3,0.02,adaptive vs random,0.603979,0.42485,0.783108,0.0288123,1,0.018292,0.0150049,0.138512,0.301816
irt2pl,zpd,0.3,0.02,adaptive 0.6 vs fixed,1.19043,0.955878,1.42498,0.0289814,1,0.0211305,0.0155648,0.139621,0.29288
irt2pl,zpd,0.3,0.02,adaptive 0.85 vs fixed,-0.00257096,-0.215262,0.21012,0.000751608,0.4,0.0155659,0.0155648,0.148141,0.29288
irt2pl,zpd,0.3,0.1,adaptive vs fixed,0.129559,-0.083131,0.34225,0.0249736,0.6,0.0821892,0.0790345,0.122753,0.262094
irt2pl,zpd,0.3,0.1,adaptive vs random,0.263242,0.0703779,0.456106,0.0481466,0.9,0.080775,0.0745041,0.117886,0.281466
irt2pl,zpd,0.3,0.1,adaptive 0.6 vs fixed,0.851212,0.656313,1.04611,0.137367,1,0.098558,0.0790345,0.140646,0.262094
irt2pl,zpd,0.3,0.1,adaptive 0.85 vs fixed,-0.410077,-0.631622,-0.188533,-0.0799206,0.1,0.0681108,0.0790345,0.11226,0.262094
irt2pl,zpd,0.6,0.02,adaptive vs fixed,0.672547,0.403245,0.941849,0.0278806,1,0.0247469,0.0192554,0.139838,0.290592
irt2pl,zpd,0.6,0.02,adaptive vs random,0.814903,0.58102,1.04879,0.0504948,1,0.024527,0.0181382,0.138563,0.300966
irt2pl,zpd,0.6,0.02,adaptive 0.6 vs fixed,1.24379,0.979764,1.50782,0.0464293,1,0.0278382,0.0192554,0.138899,0.290592
irt2pl,zpd,0.6,0.02,adaptive 0.85 vs fixed,0.201484,-0.0320555,0.435023,0.0085785,0.7,0.0211931,0.0192554,0.148364,0.290592
irt2pl,zpd,0.6,0.1,adaptive vs fixed,0.237532,-0.0470205,0.522084,0.013774,0.7,0.105229,0.0969833,0.121883,0.251644
irt2pl,zpd,0.6,0.1,adaptive vs random,0.478968,0.273258,0.684679,0.0671423,1,0.104614,0.0883233,0.118366,0.277483
irt2pl,zpd,0.6,0.1,adaptive 0.6 vs fixed,0.871597,0.635793,1.1074,0.164634,1,0.125088,0.0969833,0.139886,0.251644
irt2pl,zpd,0.6,0.1,adaptive 0.85 vs fixed,-0.252107,-0.521023,0.0168089,-0.0704133,0.2,0.0882628,0.0969833,0.109285,0.251644
bkt,flat,0,0.02,adaptive vs fixed,-0.527993,-0.693907,-0.362079,-0.255254,0,0.0466944,0.076875,0.239203,0.307569
bkt,flat,0,0.02,adaptive vs random,-0.494866,-0.693909,-0.295824,-0.239577,0,0.048213,0.0782037,0.235864,0.315922
bkt,flat,0,0.02,adaptive 0.6 vs fixed,0.0607157,-0.0448838,0.166315,0.00214924,0.8,0.0770648,0.0732685,0.292456,0.309781
bkt,flat,0,0.02,adaptive 0.85 vs fixed,-0.557625,-0.74702,-0.368229,-0.2675,0,0.0370139,0.0689028,0.190836,0.311453
bkt,flat,0,0.1,adaptive vs fixed,-0.494881,-0.710663,-0.279099,-0.347043,0.1,0.17463,0.228157,0.204825,0.229858
bkt,flat,0,0.1,adaptive vs random,-0.628779,-0.785665,-0.471893,-0.427725,0,0.173681,0.241634,0.208353,0.251383
bkt,flat,0,0.1,adaptive 0.6 vs fixed,0.256573,0.0849245,0.428221,0.1428,1,0.258338,0.228347,0.285522,0.227139
bkt,flat,0,0.1,adaptive 0.85 vs fixed,-1.10368,-1.26594,-0.941421,-0.694379,0,0.119773,0.232903,0.147386,0.225319
bkt,flat,0.3,0.02,adaptive vs fixed,-0.14073,-0.316892,0.0354313,-0.107979,0.2,0.0825694,0.0924398,0.236147,0.29605
bkt,flat,0.3,0.02,adaptive vs random,-0.192693,-0.376637,-0.00874842,-0.0868536,0.3,0.0734583,0.0876944,0.233022,0.310986
bkt,flat,0.3,0.02,adaptive 0.6 vs fixed,0.10916,-0.0574119,0.275732,0.0316669,0.8,0.10212,0.0935787,0.294156,0.29505
bkt,flat,0.3,0.02,adaptive 0.85 vs fixed,-0.200969,-0.37652,-0.0254191,-0.141579,0.2,0.0713704,0.087125,0.188064,0.298267
bkt,flat,0.3,0.1,adaptive vs fixed,-0.193449,-0.358692,-0.0282054,-0.160089,0.2,0.242394,0.268968,0.199769,0.200397
bkt,flat,0.3,0.1,adaptive vs random,-0.286435,-0.425759,-0.14711,-0.218741,0,0.23537,0.273903,0.202544,0.237594
bkt,flat,0.3,0.1,adaptive 0.6 vs fixed,0.15538,-0.0584165,0.369177,0.0906894,0.7,0.285671,0.264602,0.278864,0.201022
bkt,flat,0.3,0.1,adaptive 0.85 vs fixed,-0.486201,-0.645256,-0.327146,-0.348558,0,0.201963,0.264602,0.142772,0.199181
bkt,flat,0.6,0.02,adaptive vs fixed,-0.194708,-0.494091,0.104675,-0.115378,0.3,0.10212,0.116356,0.236111,0.282086
bkt,flat,0.6,0.02,adaptive vs random,0.0807418,-0.152816,0.3143,-0.0325654,0.5,0.106296,0.100412,0.230769,0.308347
bkt,flat,0.6,0.02,adaptive 0.6 vs fixed,0.115232,-0.0158899,0.246355,0.0394227,0.7,0.124139,0.114838,0.294172,0.284139
bkt,flat,0.6,0.02,adaptive 0.85 vs fixed,-0.170619,-0.37761,0.0363716,-0.110707,0.2,0.0964259,0.111801,0.184264,0.282106
bkt,flat,0.6,0.1,adaptive vs fixed,-0.0841579,-0.193936,0.02562,-0.0640411,0.3,0.277699,0.290037,0.189881,0.181722
bkt,flat,0.6,0.1,adaptive vs random,-0.194454,-0.392476,0.00356759,-0.162714,0.4,0.263083,0.289278,0.196753,0.22655
bkt,flat,0.6,0.1,adaptive 0.6 vs fixed,0.10719,-0.0749008,0.28928,0.073049,0.7,0.309588,0.294403,0.273656,0.17835
bkt,flat,0.6,0.1,adaptive 0.85 vs fixed,-0.294792,-0.478222,-0.111363,-0.250531,0.2,0.249986,0.292884,0.136967,0.181667
bkt,zpd,0,0.02,adaptive vs fixed,-0.0671898,-0.267554,0.133174,-0.0476157,0.4,0.0413796,0.0446065,0.239364,0.317189
bkt,zpd,0,0.02,adaptive vs random,-0.115545,-0.289209,0.0581192,-0.0674902,0.2,0.0453657,0.05125,0.236297,0.326767
bkt,zpd,0,0.02,adaptive 0.6 vs fixed,0.279568,0.169877,0.389259,0.0656703,1,0.0565648,0.0425185,0.293133,0.317758
bkt,zpd,0,0.02,adaptive 0.85 vs fixed,-0.374852,-0.5628,-0.186904,-0.195886,0,0.0309398,0.0499213,0.196164,0.315569
bkt,zpd,0,0.1,adaptive vs fixed,-0.333227,-0.49447,-0.171985,-0.232173,0.1,0.14312,0.175009,0.206789,0.248689
bkt,zpd,0,0.1,adaptive vs random,-0.298709,-0.370554,-0.226863,-0.186617,0,0.149194,0.178995,0.213625,0.278656
bkt,zpd,0,0.1,adaptive 0.6 vs fixed,0.180172,0.0268572,0.333487,0.079332,0.9,0.199495,0.181083,0.293253,0.245108
bkt,zpd,0,0.1,adaptive 0.85 vs fixed,-0.775379,-0.947499,-0.603258,-0.425746,0,0.108005,0.178616,0.151611,0.248258
bkt,zpd,0.3,0.02,adaptive vs fixed,-0.0000144385,-0.119151,0.119122,-0.0337581,0.6,0.0558056,0.0556157,0.240058,0.310889
bkt,zpd,0.3,0.02,adaptive vs random,-0.00304761,-0.159063,0.152967,-0.0471403,0.5,0.0582731,0.0590324,0.237117,0.321747
bkt,zpd,0.3,0.02,adaptive 0.6 vs fixed,0.228553,0.0763831,0.380723,0.0542012,0.9,0.0721296,0.0582731,0.293183,0.307425
bkt,zpd,0.3,0.02,adaptive 0.85 vs fixed,-0.207207,-0.372872,-0.041543,-0.132433,0.2,0.0438472,0.0556157,0.182331,0.308703
bkt,zpd,0.3,0.1,adaptive vs fixed,-0.130348,-0.28446,0.0237647,-0.0912561,0.1,0.19494,0.210125,0.208739,0.227606
bkt,zpd,0.3,0.1,adaptive vs random,-0.174433,-0.30623,-0.0426348,-0.158287,0.2,0.186208,0.206329,0.210089,0.271686
bkt,zpd,0.3,0.1,adaptive 0.6 vs fixed,0.27155,0.0288863,0.514213,0.148176,0.7,0.23556,0.20538,0.290581,0.229011
bkt,zpd,0.3,0.1,adaptive 0.85 vs fixed,-0.551876,-0.700199,-0.403553,-0.374759,0,0.150333,0.211074,0.147369,0.225378
bkt,zpd,0.6,0.02,adaptive vs fixed,-0.0263719,-0.200136,0.147392,-0.0879761,0.7,0.0692824,0.0713704,0.238467,0.301194
bkt,zpd,0.6,0.02,adaptive vs random,0.095161,-0.13305,0.323372,-0.00182874,0.6,0.0713704,0.0651065,0.237189,0.321558
bkt,zpd,0.6,0.02,adaptive 0.6 vs fixed,0.214756,0.0388971,0.390615,0.0667196,0.7,0.087125,0.0725093,0.293653,0.299483
bkt,zpd,0.6,0.02,adaptive 0.85 vs fixed,-0.0684291,-0.20597,0.069112,-0.0896033,0.3,0.0616898,0.0656759,0.186531,0.304139
bkt,zpd,0.6,0.1,adaptive vs fixed,0.0090239,-0.187141,0.205189,-0.00377595,0.5,0.228347,0.227968,0.205653,0.214856
bkt,zpd,0.6,0.1,adaptive vs random,-0.11134,-0.347467,0.124788,-0.0875681,0.4,0.205759,0.219236,0.208119,0.260897
bkt,zpd,0.6,0.1,adaptive 0.6 vs fixed,0.201382,0.0401879,0.362577,0.0965203,0.8,0.25663,0.231194,0.28665,0.210192
bkt,zpd,0.6,0.1,adaptive 0.85 vs fixed,-0.43616,-0.570049,-0.302271,-0.342877,0,0.178806,0.231194,0.1475,0.214008
